{"crop": 0.010403643799327171, "rotate": 0.36511626336143393, "rgb": 0.2028651781772899, "dropout": 0.22396449510847816, "blur": 0.18411554501144428, "sigmoid": 0.013534874542026632}