{"crop": 0.36430291220466, "rotate": 0.3306057838148228, "rgb": 0.0038672456131197755, "dropout": 0.015284903239395917, "blur": 0.0038672456131197755, "sigmoid": 0.28207190951488165}