{"crop": 0.21450182513046667, "rotate": 0.08343490325624696, "rgb": 0.18674533522712006, "dropout": 0.16604990477282944, "blur": 0.2416517689234682, "sigmoid": 0.10761626268986878}